{"version": {"json_export": "207", "page_segmentation": "5", "schema": "1.1.0", "structure": "1.1115.0", "table_structure": "5"}, "extended_metadata": {"ID_instance": "85 82 3A CA 3E BB B2 11 0A 00 C2 B8 2B 6B E5 EE ", "ID_permanent": "85 82 3A CA 3E BB B2 11 0A 00 C2 B8 2B 6B E5 EE ", "has_acroform": false, "has_embedded_files": false, "is_XFA": false, "is_certified": false, "is_encrypted": false, "is_digitally_signed": false, "language": "en", "page_count": 2, "pdf_version": "1.6", "pdfa_compliance_level": "", "pdfua_compliance_level": ""}, "elements": [{"Bounds": [50.69999694824219, 700.2779998779297, 402.8719940185547, 745.4640045166016], "Font": {"alt_family_name": "Merriweather", "embedded": true, "encoding": "Identity-H", "family_name": "Merriweather", "font_type": "CIDFontType2", "italic": false, "monospaced": false, "name": "AAAAAA+Merriweather-Bold", "subset": true, "weight": 700}, "HasClip": true, "Lang": "en", "ObjectID": 129, "Page": 0, "Path": "//Document/Sect/Title", "Text": "Nono Saurelle Benie ", "TextSize": 34.0, "attributes": {"LineHeight": 40.75, "SpaceAfter": 18}}, {"Bounds": [50.69999694824219, 667.2050018310547, 198.0, 687.1399993896484], "Font": {"alt_family_name": "Merriweather", "embedded": true, "encoding": "Identity-H", "family_name": "Merriweather", "font_type": "CIDFontType2", "italic": false, "monospaced": false, "name": "AAAAAA+Merriweather-Bold", "subset": true, "weight": 700}, "HasClip": true, "Lang": "en", "ObjectID": 130, "Page": 0, "Path": "//Document/Sect[2]/H1", "Text": "Backend Developer ", "TextSize": 15.0, "attributes": {"LineHeight": 18, "SpaceAfter": 18}}, {"Bounds": [50.69999694824219, 611.6549987792969, 106.73399353027344, 623.9309997558594], "Font": {"alt_family_name": "Open Sans", "embedded": true, "encoding": "Identity-H", "family_name": "Open Sans", "font_type": "CIDFontType2", "italic": false, "monospaced": false, "name": "CAAAAA+OpenSans-Bold", "subset": true, "weight": 700}, "HasClip": true, "Lang": "en", "ObjectID": 131, "Page": 0, "Path": "//Document/Sect[3]/H1", "Text": "EXPERIENCE ", "TextSize": 9.0, "attributes": {"LineHeight": 10.75, "SpaceAfter": 15.25}}, {"Bounds": [50.69999694824219, 582.8869934082031, 297.72149658203125, 597.5059967041016], "Font": {"alt_family_name": "Merriweather", "embedded": true, "encoding": "Identity-H", "family_name": "Merriweather", "font_type": "CIDFontType2", "italic": false, "monospaced": false, "name": "AAAAAA+Merriweather-Bold", "subset": true, "weight": 700}, "HasClip": true, "Lang": "en", "ObjectID": 132, "Page": 0, "Path": "//Document/Sect[3]/Sect/H2", "Text": "CommonFactor, Douala \u2014 Backend developer ", "TextSize": 11.0, "attributes": {"SpaceAfter": 5.75}}, {"Bounds": [50.69999694824219, 568.343994140625, 131.63600158691406, 578.9040069580078], "Font": {"alt_family_name": "Open Sans", "embedded": true, "encoding": "Identity-H", "family_name": "Open Sans", "font_type": "CIDFontType2", "italic": false, "monospaced": false, "name": "BAAAAA+OpenSans-Regular", "subset": true, "weight": 400}, "HasClip": true, "Lang": "en", "ObjectID": 133, "Page": 0, "Path": "//Document/Sect[3]/Sect/P", "Text": "JUNE 2023 -PRESENT ", "TextSize": 8.0, "attributes": {"LineHeight": 9.625}}, {"Bounds": [50.69999694824219, 509.11399841308594, 398.28900146484375, 563.5549926757812], "Font": {"alt_family_name": "Merriweather", "embedded": true, "encoding": "Identity-H", "family_name": "Merriweather", "font_type": "CIDFontType2", "italic": false, "monospaced": false, "name": "DAAAAA+Merriweather-Regular", "subset": true, "weight": 400}, "HasClip": true, "Lang": "en", "ObjectID": 134, "Page": 0, "Path": "//Document/Sect[3]/Sect/P[2]", "Text": "At CommonFactor, I build the back-end infrastructure that powers innovative solutions for African businesses. Our focus is on developing scalable, reliable, and fault-tolerant systems to support the continent's growing technological needs ", "TextSize": 9.0, "attributes": {"SpaceAfter": 18}}, {"Bounds": [50.69999694824219, 476.3869934082031, 279.2415008544922, 491.00599670410156], "Font": {"alt_family_name": "Merriweather", "embedded": true, "encoding": "Identity-H", "family_name": "Merriweather", "font_type": "CIDFontType2", "italic": false, "monospaced": false, "name": "AAAAAA+Merriweather-Bold", "subset": true, "weight": 700}, "HasClip": true, "Lang": "en", "ObjectID": 135, "Page": 0, "Path": "//Document/Sect[3]/Sect/Sect/H3", "Text": "CommonFactor, Douala \u2014 Backend intern ", "TextSize": 11.0, "attributes": {"SpaceAfter": 5.75}}, {"Bounds": [50.69999694824219, 461.843994140625, 149.872802734375, 472.4040069580078], "Font": {"alt_family_name": "Open Sans", "embedded": true, "encoding": "Identity-H", "family_name": "Open Sans", "font_type": "CIDFontType2", "italic": false, "monospaced": false, "name": "BAAAAA+OpenSans-Regular", "subset": true, "weight": 400}, "HasClip": true, "Lang": "en", "ObjectID": 136, "Page": 0, "Path": "//Document/Sect[3]/Sect/Sect/P", "Text": "AUGUST 2022-JUNE 2023 ", "TextSize": 8.0, "attributes": {"LineHeight": 9.625}}, {"Bounds": [50.69999694824219, 416.8609924316406, 395.78700256347656, 457.05499267578125], "Font": {"alt_family_name": "Merriweather", "embedded": true, "encoding": "Identity-H", "family_name": "Merriweather", "font_type": "CIDFontType2", "italic": false, "monospaced": false, "name": "DAAAAA+Merriweather-Regular", "subset": true, "weight": 400}, "HasClip": true, "Lang": "en", "ObjectID": 137, "Page": 0, "Path": "//Document/Sect[3]/Sect/Sect/P[2]", "Text": "At CommonFactor, I worked closely with a talented team to develop user-friendly and responsive interfaces. I used modern Backend technologies like Nest Js to create innovative and engaging user experiences. ", "TextSize": 9.0, "attributes": {"SpaceAfter": 18}}, {"Bounds": [50.69999694824219, 372.4049987792969, 106.0679931640625, 384.6809997558594], "Font": {"alt_family_name": "Open Sans", "embedded": true, "encoding": "Identity-H", "family_name": "Open Sans", "font_type": "CIDFontType2", "italic": false, "monospaced": false, "name": "CAAAAA+OpenSans-Bold", "subset": true, "weight": 700}, "HasClip": true, "Lang": "en", "ObjectID": 138, "Page": 0, "Path": "//Document/Sect[4]/H1", "Text": "EDUCATION ", "TextSize": 9.0, "attributes": {"LineHeight": 10.75, "SpaceAfter": 15.25}}, {"Bounds": [50.69999694824219, 343.6369934082031, 277.9654998779297, 358.25599670410156], "Font": {"alt_family_name": "Merriweather", "embedded": true, "encoding": "Identity-H", "family_name": "Merriweather", "font_type": "CIDFontType2", "italic": false, "monospaced": false, "name": "AAAAAA+Merriweather-Bold", "subset": true, "weight": 700}, "HasClip": true, "Lang": "en", "ObjectID": 139, "Page": 0, "Path": "//Document/Sect[4]/Sect/H2", "Text": "Seven Advanced Academy, Douala \u2014 CQP ", "TextSize": 11.0, "attributes": {"SpaceAfter": 5.75}}, {"Bounds": [50.69999694824219, 329.093994140625, 166.88160705566406, 339.6540069580078], "Font": {"alt_family_name": "Open Sans", "embedded": true, "encoding": "Identity-H", "family_name": "Open Sans", "font_type": "CIDFontType2", "italic": false, "monospaced": false, "name": "BAAAAA+OpenSans-Regular", "subset": true, "weight": 400}, "HasClip": true, "Lang": "en", "ObjectID": 140, "Page": 0, "Path": "//Document/Sect[4]/Sect/P", "Text": "January 2021 -December 2023 ", "TextSize": 8.0, "attributes": {"LineHeight": 9.625, "SpaceAfter": 4.625}}, {"Bounds": [52.83299255371094, 313.36199951171875, 216.3990020751953, 325.30499267578125], "Font": {"alt_family_name": "Merriweather", "embedded": true, "encoding": "Identity-H", "family_name": "Merriweather", "font_type": "CIDFontType2", "italic": false, "monospaced": false, "name": "DAAAAA+Merriweather-Regular", "subset": true, "weight": 400}, "HasClip": true, "Lang": "en", "ObjectID": 141, "Page": 0, "Path": "//Document/Sect[4]/Sect/P[2]", "Text": "Full stack web development training ", "TextSize": 9.0, "attributes": {"LineHeight": 10.75, "SpaceAfter": 15.25}}, {"Bounds": [50.69999694824219, 284.3869934082031, 202.010498046875, 299.00599670410156], "Font": {"alt_family_name": "Merriweather", "embedded": true, "encoding": "Identity-H", "family_name": "Merriweather", "font_type": "CIDFontType2", "italic": false, "monospaced": false, "name": "AAAAAA+Merriweather-Bold", "subset": true, "weight": 700}, "HasClip": true, "Lang": "en", "ObjectID": 142, "Page": 0, "Path": "//Document/Sect[4]/Sect[2]/H2", "Text": "IUT-FV, Bandjoun \u2014 1 year ", "TextSize": 11.0, "attributes": {"SpaceAfter": 5.75}}, {"Bounds": [50.69999694824219, 269.843994140625, 141.48159790039062, 280.4040069580078], "Font": {"alt_family_name": "Open Sans", "embedded": true, "encoding": "Identity-H", "family_name": "Open Sans", "font_type": "CIDFontType2", "italic": false, "monospaced": false, "name": "BAAAAA+OpenSans-Regular", "subset": true, "weight": 400}, "HasClip": true, "Lang": "en", "ObjectID": 143, "Page": 0, "Path": "//Document/Sect[4]/Sect[2]/P", "Text": "October 2014-July 2015 ", "TextSize": 8.0, "attributes": {"LineHeight": 9.625, "SpaceAfter": 5.625}}, {"Bounds": [50.69999694824219, 253.11199951171875, 142.41900634765625, 265.05499267578125], "Font": {"alt_family_name": "Merriweather", "embedded": true, "encoding": "Identity-H", "family_name": "Merriweather", "font_type": "CIDFontType2", "italic": false, "monospaced": false, "name": "DAAAAA+Merriweather-Regular", "subset": true, "weight": 400}, "HasClip": true, "Lang": "en", "ObjectID": 144, "Page": 0, "Path": "//Document/Sect[4]/Sect[2]/P[2]", "Text": "Genie Informatique. ", "TextSize": 9.0, "attributes": {"LineHeight": 10.75, "SpaceAfter": 18}}, {"Bounds": [50.69999694824219, 208.90499877929688, 95.62800598144531, 221.18099975585938], "Font": {"alt_family_name": "Open Sans", "embedded": true, "encoding": "Identity-H", "family_name": "Open Sans", "font_type": "CIDFontType2", "italic": false, "monospaced": false, "name": "CAAAAA+OpenSans-Bold", "subset": true, "weight": 700}, "HasClip": true, "Lang": "en", "ObjectID": 121, "Page": 0, "Path": "//Document/Sect[5]/H1", "Text": "PROJECTS ", "TextSize": 9.0, "attributes": {"LineHeight": 10.75, "SpaceAfter": 12.25}}, {"Bounds": [50.69999694824219, 149.37989807128906, 353.1699981689453, 194.15989685058594], "Font": {"alt_family_name": "Merriweather", "embedded": true, "encoding": "Identity-H", "family_name": "Merriweather", "font_type": "CIDFontType2", "italic": false, "monospaced": false, "name": "AAAAAA+Merriweather-Bold", "subset": true, "weight": 700}, "HasClip": true, "Lang": "en", "ObjectID": 122, "Page": 0, "Path": "//Document/Sect[5]/P", "Text": "PayUnit -Worked on the company's main project enabling aggregators to pay on their platforms with multiple available operators. ", "TextSize": 10.0, "attributes": {"SpaceAfter": 6.125}}, {"Bounds": [50.69999694824219, 111.87989807128906, 401.5399932861328, 140.90989685058594], "Font": {"alt_family_name": "Merriweather", "embedded": true, "encoding": "Identity-H", "family_name": "Merriweather", "font_type": "CIDFontType2", "italic": false, "monospaced": false, "name": "AAAAAA+Merriweather-Bold", "subset": true, "weight": 700}, "HasClip": true, "Lang": "en", "ObjectID": 123, "Page": 0, "Path": "//Document/Sect[5]/P[2]", "Text": "Rhola -Created a system that allows users to recharge communication credit via any operator without charges and buy internet packages. ", "TextSize": 10.0, "attributes": {"SpaceAfter": 6}}, {"Bounds": [50.69999694824219, 74.37989807128906, 387.3820037841797, 103.40989685058594], "Font": {"alt_family_name": "Merriweather", "embedded": true, "encoding": "Identity-H", "family_name": "Merriweather", "font_type": "CIDFontType2", "italic": false, "monospaced": false, "name": "DAAAAA+Merriweather-Regular", "subset": true, "weight": 400}, "HasClip": true, "Lang": "en", "ObjectID": 124, "Page": 0, "Path": "//Document/Sect[5]/P[3]", "Text": "Arsy -Work on a CEMAC ratification system that issues approvals to professionals ", "TextSize": 10.0}, {"Bounds": [429.4499816894531, 718.1549987792969, 545.2259979248047, 730.4309997558594], "ClipBounds": [429.4499816894531, 718.6500244140625, 542.991455078125, 729.4500122070312], "Font": {"alt_family_name": "Open Sans", "embedded": true, "encoding": "Identity-H", "family_name": "Open Sans", "font_type": "CIDFontType2", "italic": false, "monospaced": false, "name": "CAAAAA+OpenSans-Bold", "subset": true, "weight": 700}, "HasClip": true, "ObjectID": 60, "Page": 0, "Path": "//Document/Sect[5]/P[4]/StyleSpan/Reference", "Text": "saurellenono@gmail.com ", "TextSize": 9.0}, {"Bounds": [429.4499816894531, 718.1549987792969, 545.2259979248047, 742.9920043945312], "ClipBounds": [429.4499816894531, 718.6500244140625, 542.991455078125, 729.4500122070312], "Font": {"alt_family_name": "Open Sans", "embedded": true, "encoding": "Identity-H", "family_name": "Open Sans", "font_type": "CIDFontType2", "italic": false, "monospaced": false, "name": "BAAAAA+OpenSans-Regular", "subset": true, "weight": 400}, "HasClip": true, "Lang": "fr", "ObjectID": 118, "Page": 0, "Path": "//Document/Sect[5]/P[4]", "Text": "Douala,Cameroun ", "TextSize": 9.0, "attributes": {"SpaceAfter": 18}}, {"Bounds": [429.4499969482422, 611.6549987792969, 460.7429962158203, 623.9309997558594], "Font": {"alt_family_name": "Open Sans", "embedded": true, "encoding": "Identity-H", "family_name": "Open Sans", "font_type": "CIDFontType2", "italic": false, "monospaced": false, "name": "CAAAAA+OpenSans-Bold", "subset": true, "weight": 700}, "HasClip": true, "Lang": "en", "ObjectID": 145, "Page": 0, "Path": "//Document/Sect[6]/H1", "Text": "SKILLS ", "TextSize": 9.0, "attributes": {"LineHeight": 10.75, "SpaceAfter": 12.375}}, {"Bounds": [429.4499969482422, 528.6170043945312, 546.197998046875, 597.3049926757812], "Font": {"alt_family_name": "Merriweather", "embedded": true, "encoding": "Identity-H", "family_name": "Merriweather", "font_type": "CIDFontType2", "italic": false, "monospaced": false, "name": "DAAAAA+Merriweather-Regular", "subset": true, "weight": 400}, "HasClip": true, "Lang": "en", "ObjectID": 146, "Page": 0, "Path": "//Document/Sect[6]/P", "Text": "Nestjs, Docker, Pm2, typeorm,MongoDb,Nginx , Sql,Postgres,Nodejs, javascript, Typescript, Reactjs , Html, Css ,Vuejs ", "TextSize": 9.0, "attributes": {"SpaceAfter": 18}}, {"Bounds": [429.4499969482422, 484.1549987792969, 486.35699462890625, 496.4309997558594], "Font": {"alt_family_name": "Open Sans", "embedded": true, "encoding": "Identity-H", "family_name": "Open Sans", "font_type": "CIDFontType2", "italic": false, "monospaced": false, "name": "CAAAAA+OpenSans-Bold", "subset": true, "weight": 700}, "HasClip": true, "Lang": "en", "ObjectID": 84, "Page": 0, "Path": "//Document/Sect[7]/H1", "Text": "LANGUAGES ", "TextSize": 9.0, "attributes": {"LineHeight": 10.75, "SpaceAfter": 15.75}}, {"Bounds": [429.4499969482422, 457.86199951171875, 501.593994140625, 469.80499267578125], "Font": {"alt_family_name": "Merriweather", "embedded": true, "encoding": "Identity-H", "family_name": "Merriweather", "font_type": "CIDFontType2", "italic": false, "monospaced": false, "name": "DAAAAA+Merriweather-Regular", "subset": true, "weight": 400}, "HasClip": true, "Lang": "en", "ObjectID": 85, "Page": 0, "Path": "//Document/Sect[7]/P", "Text": "French (Native) ", "TextSize": 9.0, "attributes": {"LineHeight": 10.75, "SpaceAfter": 3.25}}, {"Bounds": [429.4499969482422, 443.86199951171875, 504.1320037841797, 455.80499267578125], "Font": {"alt_family_name": "Merriweather", "embedded": true, "encoding": "Identity-H", "family_name": "Merriweather", "font_type": "CIDFontType2", "italic": false, "monospaced": false, "name": "DAAAAA+Merriweather-Regular", "subset": true, "weight": 400}, "HasClip": true, "Lang": "en", "ObjectID": 86, "Page": 0, "Path": "//Document/Sect[7]/P[2]", "Text": "English (Fluent) ", "TextSize": 9.0, "attributes": {"LineHeight": 10.75, "SpaceAfter": 18}}, {"Bounds": [429.4499969482422, 396.89500427246094, 480.5559997558594, 411.8990020751953], "Font": {"alt_family_name": "Open Sans", "embedded": true, "encoding": "Identity-H", "family_name": "Open Sans", "font_type": "CIDFontType2", "italic": false, "monospaced": false, "name": "CAAAAA+OpenSans-Bold", "subset": true, "weight": 700}, "HasClip": true, "Lang": "en", "ObjectID": 88, "Page": 0, "Path": "//Document/Sect[7]/Sect/H2", "Text": "Contacts ", "TextSize": 11.0, "attributes": {"SpaceAfter": 18}}, {"Bounds": [429.4499969482422, 362.86199951171875, 515.6069946289062, 374.74200439453125], "Font": {"alt_family_name": "Open Sans", "embedded": true, "encoding": "Identity-H", "family_name": "Open Sans", "font_type": "CIDFontType2", "italic": false, "monospaced": false, "name": "BAAAAA+OpenSans-Regular", "subset": true, "weight": 400}, "HasClip": true, "ObjectID": 100, "Page": 0, "Path": "//Document/Sect[7]/Sect/P/Sub", "Text": "Tel: +237696972013 ", "TextSize": 9.0, "attributes": {"Placement": "Block"}}, {"Bounds": [429.4499969482422, 350.11199951171875, 469.6260070800781, 361.99200439453125], "Font": {"alt_family_name": "Open Sans", "embedded": true, "encoding": "Identity-H", "family_name": "Open Sans", "font_type": "CIDFontType2", "italic": false, "monospaced": false, "name": "BAAAAA+OpenSans-Regular", "subset": true, "weight": 400}, "HasClip": true, "ObjectID": 101, "Page": 0, "Path": "//Document/Sect[7]/Sect/P/Sub[2]", "Text": "Linkedin: ", "TextSize": 9.0, "attributes": {"Placement": "Block"}}, {"Bounds": [429.4499816894531, 337.1549987792969, 540.6900024414062, 349.4309997558594], "ClipBounds": [429.4499816894531, 337.6499938964844, 538.456298828125, 348.4499816894531], "Font": {"alt_family_name": "Open Sans", "embedded": true, "encoding": "Identity-H", "family_name": "Open Sans", "font_type": "CIDFontType2", "italic": false, "monospaced": false, "name": "CAAAAA+OpenSans-Bold", "subset": true, "weight": 700}, "HasClip": true, "ObjectID": 61, "Page": 0, "Path": "//Document/Sect[7]/Sect/P[2]/StyleSpan/Reference", "Text": "https://www.linkedin.co ", "TextSize": 9.0}, {"Bounds": [429.4499816894531, 324.4049987792969, 546.4140014648438, 336.6809997558594], "ClipBounds": [429.4499816894531, 324.8999938964844, 544.169189453125, 335.6999816894531], "Font": {"alt_family_name": "Open Sans", "embedded": true, "encoding": "Identity-H", "family_name": "Open Sans", "font_type": "CIDFontType2", "italic": false, "monospaced": false, "name": "CAAAAA+OpenSans-Bold", "subset": true, "weight": 700}, "HasClip": true, "ObjectID": 62, "Page": 0, "Path": "//Document/Sect[7]/Sect/P[2]/StyleSpan/Reference[2]", "Text": "m/in/saurelle-benie-atala ", "TextSize": 9.0}, {"Bounds": [429.4499816894531, 311.6549987792969, 484.93499755859375, 323.9309997558594], "ClipBounds": [429.4499816894531, 312.1499938964844, 482.6677551269531, 322.9499816894531], "Font": {"alt_family_name": "Open Sans", "embedded": true, "encoding": "Identity-H", "family_name": "Open Sans", "font_type": "CIDFontType2", "italic": false, "monospaced": false, "name": "CAAAAA+OpenSans-Bold", "subset": true, "weight": 700}, "HasClip": true, "ObjectID": 63, "Page": 0, "Path": "//Document/Sect[7]/Sect/P[2]/StyleSpan/Reference[3]", "Text": "-2a2334203/ ", "TextSize": 9.0}, {"Bounds": [454.89430236816406, 298.9049987792969, 546.3253021240234, 311.1809997558594], "ClipBounds": [454.8943176269531, 299.3999938964844, 544.085693359375, 310.1999816894531], "Font": {"alt_family_name": "Open Sans", "embedded": true, "encoding": "Identity-H", "family_name": "Open Sans", "font_type": "CIDFontType2", "italic": false, "monospaced": false, "name": "CAAAAA+OpenSans-Bold", "subset": true, "weight": 700}, "HasClip": true, "ObjectID": 64, "Page": 0, "Path": "//Document/Sect[7]/Sect/P[3]/StyleSpan/Reference", "Text": "saurellenono@gmai ", "TextSize": 9.0}, {"Bounds": [429.4499816894531, 286.1549987792969, 456.0449981689453, 298.4309997558594], "ClipBounds": [429.4499816894531, 286.6499938964844, 453.8000793457031, 297.4499816894531], "Font": {"alt_family_name": "Open Sans", "embedded": true, "encoding": "Identity-H", "family_name": "Open Sans", "font_type": "CIDFontType2", "italic": false, "monospaced": false, "name": "CAAAAA+OpenSans-Bold", "subset": true, "weight": 700}, "HasClip": true, "ObjectID": 65, "Page": 0, "Path": "//Document/Sect[7]/Sect/P[3]/StyleSpan/Reference[2]", "Text": "l.com ", "TextSize": 9.0}, {"Bounds": [429.4499816894531, 286.1549987792969, 546.3253021240234, 311.1809997558594], "ClipBounds": [429.4499816894531, 286.6499938964844, 544.085693359375, 310.1999816894531], "Font": {"alt_family_name": "Open Sans", "embedded": true, "encoding": "Identity-H", "family_name": "Open Sans", "font_type": "CIDFontType2", "italic": false, "monospaced": false, "name": "BAAAAA+OpenSans-Regular", "subset": true, "weight": 400}, "HasClip": true, "Lang": "fr", "ObjectID": 91, "Page": 0, "Path": "//Document/Sect[7]/Sect/P[3]", "Text": "Email:", "TextSize": 9.0}, {"Bounds": [460.3830871582031, 273.4049987792969, 538.548095703125, 285.6809997558594], "ClipBounds": [460.3830871582031, 273.89996337890625, 536.311767578125, 284.6999816894531], "Font": {"alt_family_name": "Open Sans", "embedded": true, "encoding": "Identity-H", "family_name": "Open Sans", "font_type": "CIDFontType2", "italic": false, "monospaced": false, "name": "CAAAAA+OpenSans-Bold", "subset": true, "weight": 700}, "HasClip": true, "ObjectID": 66, "Page": 0, "Path": "//Document/Sect[7]/Sect/P[4]/StyleSpan/Reference", "Text": "https://github.co ", "TextSize": 9.0}, {"Bounds": [429.4499816894531, 260.6549987792969, 503.0364074707031, 272.9309997558594], "ClipBounds": [429.4499816894531, 261.14996337890625, 503.0364074707031, 271.949951171875], "Font": {"alt_family_name": "Open Sans", "embedded": true, "encoding": "Identity-H", "family_name": "Open Sans", "font_type": "CIDFontType2", "italic": false, "monospaced": false, "name": "CAAAAA+OpenSans-Bold", "subset": true, "weight": 700}, "HasClip": true, "ObjectID": 67, "Page": 0, "Path": "//Document/Sect[7]/Sect/P[4]/StyleSpan/Reference[2]", "Text": "m/saurellebenie", "TextSize": 9.0}, {"Bounds": [429.4499816894531, 260.6549987792969, 538.548095703125, 285.6809997558594], "ClipBounds": [429.4499816894531, 261.14996337890625, 536.311767578125, 284.6999816894531], "Font": {"alt_family_name": "Merriweather", "embedded": true, "encoding": "Identity-H", "family_name": "Merriweather", "font_type": "CIDFontType2", "italic": false, "monospaced": false, "name": "DAAAAA+Merriweather-Regular", "subset": true, "weight": 400}, "HasClip": true, "Lang": "en", "ObjectID": 92, "Page": 0, "Path": "//Document/Sect[7]/Sect/P[4]", "Text": "Github:/ ", "TextSize": 9.0, "attributes": {"SpaceAfter": 18}}, {"Bounds": [429.4499969482422, 202.64500427246094, 499.239501953125, 217.6490020751953], "Font": {"alt_family_name": "Open Sans", "embedded": true, "encoding": "Identity-H", "family_name": "Open Sans", "font_type": "CIDFontType2", "italic": false, "monospaced": false, "name": "CAAAAA+OpenSans-Bold", "subset": true, "weight": 700}, "HasClip": true, "Lang": "en", "ObjectID": 108, "Page": 0, "Path": "//Document/Sect[7]/Sect[2]/H2", "Text": "Useful Links ", "TextSize": 11.0, "attributes": {"SpaceAfter": 11.25}}, {"Bounds": [429.4499816894531, 181.36199951171875, 520.9799957275391, 193.30499267578125], "ClipBounds": [429.4499816894531, 181.64996337890625, 518.7306518554688, 192.449951171875], "Font": {"alt_family_name": "Merriweather", "embedded": true, "encoding": "Identity-H", "family_name": "Merriweather", "font_type": "CIDFontType2", "italic": false, "monospaced": false, "name": "DAAAAA+Merriweather-Regular", "subset": true, "weight": 400}, "HasClip": true, "ObjectID": 68, "Page": 0, "Path": "//Document/Sect[7]/Sect[2]/P/StyleSpan/Reference", "Text": "https://payunit.net/ ", "TextSize": 9.0}, {"Bounds": [429.4499816894531, 181.36199951171875, 520.9799957275391, 193.30499267578125], "ClipBounds": [429.4499816894531, 181.64996337890625, 518.7306518554688, 192.449951171875], "Lang": "en", "ObjectID": 109, "Page": 0, "Path": "//Document/Sect[7]/Sect[2]/P", "attributes": {"LineHeight": 10.75, "SpaceAfter": 16}}, {"Bounds": [429.4499816894531, 153.12989807128906, 519.3699951171875, 166.39990234375], "ClipBounds": [429.4499816894531, 153.449951171875, 516.8355102539062, 165.449951171875], "Font": {"alt_family_name": "Merriweather", "embedded": true, "encoding": "Identity-H", "family_name": "Merriweather", "font_type": "CIDFontType2", "italic": false, "monospaced": false, "name": "DAAAAA+Merriweather-Regular", "subset": true, "weight": 400}, "HasClip": true, "ObjectID": 69, "Page": 0, "Path": "//Document/Sect[7]/Sect[2]/P[2]/StyleSpan/Reference", "Text": "https://rhola.net/ ", "TextSize": 10.0}, {"Bounds": [429.4499816894531, 153.12989807128906, 519.3699951171875, 166.39990234375], "ClipBounds": [429.4499816894531, 153.449951171875, 516.8355102539062, 165.449951171875], "Lang": "en", "ObjectID": 81, "Page": 0, "Path": "//Document/Sect[7]/Sect[2]/P[2]"}, {"Bounds": [50.69999694824219, 684.1298980712891, 393.13999938964844, 728.9098968505859], "ClipBounds": [50.69999694824219, 684.1298980712891, 393.13999938964844, 728.9098968505859], "Font": {"alt_family_name": "Merriweather", "embedded": true, "encoding": "Identity-H", "family_name": "Merriweather", "font_type": "CIDFontType2", "italic": false, "monospaced": false, "name": "AAAAAA+Merriweather-Bold", "subset": true, "weight": 700}, "HasClip": true, "Lang": "en", "ObjectID": 110, "Page": 1, "Path": "//Document/Sect[7]/Sect[2]/P[3]", "Text": "Pos -Work on a management system for points of sale, cashiers, and their daily collection (cash, bank card, mobile money, QR code, payment link) ", "TextSize": 10.0}], "pages": [{"boxes": {"CropBox": [0.0, 0.0, 612.0, 792.0], "MediaBox": [0.0, 0.0, 612.0, 792.0]}, "height": 792.0, "is_scanned": false, "page_number": 0, "rotation": 0, "width": 612.0}, {"boxes": {"CropBox": [0.0, 0.0, 612.0, 792.0], "MediaBox": [0.0, 0.0, 612.0, 792.0]}, "height": 792.0, "is_scanned": false, "page_number": 1, "rotation": 0, "width": 612.0}]}